rib_count,rib_thickness_mm,mass_g,volume_cm3,surface_area_cm2,status,stiffness_kN_per_mm,stiffness_per_gram,pareto
3,3,250.68,31.934,150.37,ok,337.2,1.345,True
4,3,265.52,33.824,166.56,ok,449.6,1.693,True
3,4,269.5,34.332,150.72,ok,459.0,1.703,True
5,3,280.14,35.687,182.29,ok,561.9,2.006,True
3,5,288.95,36.809,151.13,ok,588.9,2.038,True
4,4,290.61,37.021,167.04,ok,612.0,2.106,True
5,4,308.58,39.309,182.13,ok,765.0,2.479,True
3,6,309.22,39.391,151.58,ok,729.0,2.358,False
4,5,315.7,40.216,166.78,ok,785.2,2.487,True
3,7,330.01,42.039,151.79,ok,881.2,2.67,True
5,5,334.37,42.595,182.36,ok,981.6,2.936,True
4,6,339.14,43.203,166.74,ok,972.0,2.866,False
5,6,357.47,45.538,182.5,ok,1215.0,3.399,True
4,7,360.85,45.969,167.27,ok,1175.0,3.256,False
5,7,377.82,48.13,182.4,ok,1468.7,3.887,True
